url_path,views_total,views_unique
/apitable/apitable,4339,1902
/apitable/apitable/blob/develop/docs/readme/zh-CN/README.md,1296,578
/apitable/apitable/issues,1091,316
/apitable/apitable/blob/develop/docs/contribute/developer-guide.md,411,180
/apitable/apitable/blob/develop/docs/readme/zh-CN/docs/contribute/developer-guide.md,282,149
/apitable/apitable/tree/develop/packages,273,115
/apitable/apitable/search,260,105
/apitable/apitable/releases,220,124
/apitable/apitable/tree/develop/backend-server,217,115
/apitable/apitable/pulls,176,87
